<?xml version="1.0" encoding="utf-8"?>
<!DOCTYPE mapper
        PUBLIC "-//mybatis.org//DTD Mapper 3.0//EN"
        "http://mybatis.org/dtd/mybatis-3-mapper.dtd">
<mapper namespace="com.jzj.mapper.CustomersMapper">
    <select id="selectMore" resultType="customers">
        select * from customers where vip=#{0}
    </select>

    <insert id="insertOne" useGeneratedKeys="true" keyProperty="id">
        insert into customers values (default ,#{custname},#{address},#{phone},#{vip})
    </insert>

    <update id="updateOne">
        update customers set custname=#{custname},address=#{address},phone=#{phone},vip=#{vip} where id =#{id}
    </update>

    <delete id="deleteOne">
        delete from customers where id = #{0}
    </delete>

    <select id="selectData" resultType="customers">
        SELECT address,count(address) as num FROM customers GROUP BY address
    </select>
</mapper>