<?xml version="1.0" encoding="utf-8"?>
<!DOCTYPE mapper
        PUBLIC "-//mybatis.org//DTD Mapper 3.0//EN"
        "http://mybatis.org/dtd/mybatis-3-mapper.dtd">
<mapper namespace="com.jzj.mapper.ProductMapper">
    <select id="selectAll" resultType="product">
        select * from product
    </select>

    <insert id="addProduct">
        insert into product values (default ,#{name},#{price},#{number},#{pdesc},#{img})
    </insert>

    <update id="update">
        update product set name=#{name},price=#{price},number=#{number},pdesc=#{pdesc},img=#{img} where id=#{id}
    </update>

    <delete id="delete">
        delete from product where id = #{0}
    </delete>

    <select id="selectData" resultType="product">
        SELECT name,number from product
    </select>
</mapper>