<?xml version="1.0" encoding="utf-8"?>
<!DOCTYPE mapper
        PUBLIC "-//mybatis.org//DTD Mapper 3.0//EN"
        "http://mybatis.org/dtd/mybatis-3-mapper.dtd">
<mapper namespace="com.jzj.mapper.SalesMapper">

    <select id="selectOnline" resultType="sales">
        select * from sales
        <where>
            <if test="name != null and name!=''">
                <bind name="pattern" value="'%'+name+'%'"/>
                and name like #{pattern}
            </if>
            <if test="sdate!=null and sdate!=''">
                and sdate = #{sdate}
            </if>
            <if test="saler!=null and saler!=''">
                <bind name="pattern" value="'%'+saler+'%'"/>
                and saler like #{pattern}
            </if>
            and type = 0
        </where>
    </select>

    <select id="selectMore" resultType="sales">
        select * from sales
        <where>
            <if test="name != null and name!=''">
                <bind name="pattern" value="'%'+name+'%'"/>
                and name like #{pattern}
            </if>
            <if test="sdate!=null and sdate!=''">
                and sdate = #{sdate}
            </if>
            <if test="saler!=null and saler!=''">
                <bind name="pattern" value="'%'+saler+'%'"/>
                and saler like #{pattern}
            </if>
            and type = 1
        </where>
    </select>
</mapper>