<?xml version="1.0" encoding="UTF-8"?>
<beans xmlns="http://www.springframework.org/schema/beans"
       xmlns:xsi="http://www.w3.org/2001/XMLSchema-instance"
       xmlns:aop="http://www.springframework.org/schema/aop"
       xmlns:tx="http://www.springframework.org/schema/tx"
       xmlns:mvc="http://www.springframework.org/schema/mvc"
       xmlns:context="http://www.springframework.org/schema/context"
       xsi:schemaLocation="http://www.springframework.org/schema/beans
        http://www.springframework.org/schema/beans/spring-beans.xsd
        http://www.springframework.org/schema/aop
        http://www.springframework.org/schema/aop/spring-aop.xsd
        http://www.springframework.org/schema/tx
        http://www.springframework.org/schema/tx/spring-tx.xsd
        http://www.springframework.org/schema/context
        http://www.springframework.org/schema/context/spring-context.xsd
        http://www.springframework.org/schema/mvc
        http://www.springframework.org/schema/mvc/spring-mvc.xsd">

    <!--扫描controller层注解-->
    <context:component-scan base-package="com.jzj.controller"></context:component-scan>

    <!--扫描mvc层注解-->
    <mvc:annotation-driven></mvc:annotation-driven>

    <!--静态资源放行-->
    <mvc:resources mapping="/easyui/**" location="/easyui/"></mvc:resources>
    <mvc:resources mapping="/img/**" location="/img/"></mvc:resources>

    <!--自定义文件视图解析器-->
    <bean id="multipartResolver" class="org.springframework.web.multipart.commons.CommonsMultipartResolver">
        <!--解决中文名称乱码-->
        <property name="defaultEncoding" value="utf-8"></property>

        <!--设置文件上传大小-->
        <!--<property name="maxUploadSize" value="30"></property>-->
    </bean>
</beans>